study_hours_daily,class_attendance,grades_out_of_10
4,60,5
,60,6
4.5,65,5.2999999999999998
5,68,5.7999999999999998
6,70,7
6.7999999999999998,67,7.2999999999999998
7,80,8
8.5,81,8
9,90,8.5
9.3000000000000007,89,9
9.8000000000000007,95,9.1999999999999993

